{
  "mu": 0.17655978570885505,
  "gamma": 0.7037377156494568,
  "rho": -0.04992633327698569,
  "home_elo": 97.35932869278741,
  "kmax": 8,
  "lo": 0.15,
  "hi": 4.5
}