{
  "mu": 0.1945898202335836,
  "gamma": 0.7279083714743533,
  "rho": -0.04570718388484402,
  "home_elo": 112.27234815806187,
  "kmax": 8,
  "lo": 0.15,
  "hi": 4.5
}